CustomerID,Age,Annual_Income,Spending_Score
1,19,15,39
2,21,15,81
3,20,16,6
4,23,16,77
5,31,17,40
6,22,17,76
7,35,18,6
8,23,18,94
9,64,19,3
10,30,19,72
11,67,20,14
12,35,20,99
13,58,21,15
14,24,22,77
15,37,23,13
16,22,23,79
17,35,24,35
18,20,24,73
19,52,25,29
20,35,25,98
21,35,26,35
22,25,26,82
23,46,27,5
24,31,27,73
25,54,28,14
26,29,28,82
27,45,29,32
28,35,29,61
29,40,30,31
30,23,30,87
31,60,31,4
32,21,32,73
33,53,33,4
34,18,33,92
35,49,33,14
36,21,34,81
37,42,34,17
38,30,34,73
39,36,37,26
40,20,37,75